{
	"repos": [
		{
			"url": "https://github.com/triplesix0209/edo-pack",
			"repo_name": "TripleSix's Pack",
			"repo_path": "./repositories/triplesix",
			"script_path": "script",
			"should_update": false,
			"should_read": true
		},
		{
			"url": "https://github.com/Lahrenheit/EDOPRO-Soundpack",
			"repo_name": "Soundpack",
			"repo_path": "./sound/",
			"should_update": true,
			"should_read": true
		},
		{
			"url": "https://github.com/AlexsanderRST/edopro-hd-cards-downloader",
			"repo_name": "HD Cards Downloader",
			"repo_path": "./tools/edopro-hd-cards-downloader/",
			"should_update": true,
			"should_read": true
		}
	],
	"urls": [
		{
			"url": "https://github.com/triplesix0209/edo-pack/blob/master/pics/{}.jpg",
			"type": "pic"
		},
		{
			"url": "https://github.com/triplesix0209/edo-pack/blob/master/pics/field/{}.png",
			"type": "field"
		}
	]
}